<!--

    Ant script to generate the GData java libraries and samples.
    To build, run 'ant -f <path-to-this-file>'.

-->

<project name="gdata-src" default="build" basedir=".">

  <!-- Include core build script -->
  <import file="build-src/core.xml"/>

  <!-- Include property specific build scripts -->
  <import file="build-src/appsforyourdomain.xml"/>
  <import file="build-src/analytics.xml"/>
  <import file="build-src/blogger.xml"/>
  <import file="build-src/books.xml"/>
  <import file="build-src/calendar.xml"/>
  <import file="build-src/codesearch.xml"/>
  <import file="build-src/contacts.xml"/>
  <import file="build-src/docs.xml"/>
  <import file="build-src/finance.xml"/>
  <import file="build-src/gbase.xml"/>
  <import file="build-src/health.xml"/>
  <import file="build-src/maps.xml"/>
  <import file="build-src/photos.xml"/>
  <import file="build-src/spreadsheet.xml"/>
  <import file="build-src/youtube.xml"/>
  <import file="build-src/webmastertools.xml"/>


<!--  ===================================================================== -->
<!--                      Build Library                                     -->
<!--  ===================================================================== -->

  <!-- Build core and service specific libraries -->
  <target name="build" depends="build.core,
                                build.appsforyourdomain,
                                build.analytics,
                                build.blogger,
                                build.books,
                                build.calendar,
                                build.codesearch,
                                build.contacts,
                                build.docs,
                                build.finance,
                                build.gbase,
                                build.health,
                                build.maps,
                                build.photos,
                                build.spreadsheet,
                                build.youtube,
                                build.webmastertools"/>

  <target name="clean" depends="clean.appsforyourdomain,
                                clean.analytics,
                                clean.blogger,
                                clean.books,
                                clean.calendar,
                                clean.codesearch,
                                clean.contacts,
                                clean.docs,
                                clean.finance,
                                clean.gbase,
                                clean.health,
                                clean.maps,
                                clean.photos,
                                clean.spreadsheet,
                                clean.youtube,
                                clean.webmastertools"/>


<!--  ===================================================================== -->
<!--                      Global target                                     -->
<!--  ===================================================================== -->

  <target name="all" depends="clean,build"/>

</project>
