<launch4jConfig>
  <dontWrapJar>false</dontWrapJar>
  <headerType>gui</headerType>
  <jar>C:\Projects\jstock\dist\jstock.jar</jar>
  <outfile>C:\Projects\jstock\installer\windows\jstock.exe</outfile>
  <errTitle></errTitle>
  <cmdLine></cmdLine>
  <chdir></chdir>
  <priority>normal</priority>
  <downloadUrl>http://java.com/download</downloadUrl>
  <supportUrl></supportUrl>
  <customProcName>true</customProcName>
  <stayAlive>false</stayAlive>
  <manifest></manifest>
  <icon>C:\Projects\jstock\installer\windows\chart.ico</icon>
  <jre>
    <path></path>
    <minVersion>1.6.0</minVersion>
    <maxVersion></maxVersion>
    <jdkPreference>preferJre</jdkPreference>
    <initialHeapSize>64</initialHeapSize>
    <maxHeapSize>512</maxHeapSize>
  </jre>
  <versionInfo>
    <fileVersion>1.0.7.5</fileVersion>
    <txtFileVersion>1.0.7.5</txtFileVersion>
    <fileDescription>JStock - Stock Market Software</fileDescription>
    <copyright>Yan Cheng CHEOK &lt;yccheok@yahoo.com&gt;</copyright>
    <productVersion>1.0.7.5</productVersion>
    <txtProductVersion>1.0.7.5</txtProductVersion>
    <productName>JStock - Stock Market Software</productName>
    <companyName>Yan Cheng CHEOK &lt;yccheok@yahoo.com&gt;</companyName>
    <internalName>jstock</internalName>
    <originalFilename>jstock.exe</originalFilename>
  </versionInfo>
</launch4jConfig>