<project name="maps" default="build.maps" basedir=".">
  <!-- Path containing maps.xml -->
  <dirname property="build_dir" file="${ant.file.maps}"/>
  <import file="${build_dir}/core.xml"/>

  <!--  ===================================================================== -->
  <!--                 Build GData Maps Data library.                         -->
  <!--  ===================================================================== -->

  <property name="gdata-maps.jar"
    value="${build.jars}/gdata-maps-${maps.spec.version}.jar"/>


  <target name="build.maps" depends="build.core.client">
    <antcall target="template.build.service">
      <param name="template.service.name" value="maps"/>
      <param name="template.service.version" value="${maps.spec.version}"/>
      <param name="template.service.includes" value="**/maps/**"/>
      <param name="template.service.excludes" value="none"/>
      <param name="template.service.classpath" value="build.service.core.classpath"/>
      <param name="template.service.name" value="maps"/>
    </antcall>
  </target>

  <target name="clean.maps">
    <antcall target="template.clean.service">
      <param name="template.service.name" value="maps"/>
    </antcall>
  </target>


</project>
